{"cameraMode":{"drawMode":0,"name":"Shaded","section":"Shading Mode"},"sceneLighting":true,"audioPlay":false,"sceneViewState":{"m_AlwaysRefresh":false,"showFog":true,"showSkybox":true,"showFlares":true,"showImageEffects":true,"showParticleSystems":true,"showVisualEffectGraphs":true,"m_FxEnabled":true},"in2DMode":false,"pivot":{"x":22.669841766357423,"y":-16.794179916381837,"z":-25.850627899169923},"rotation":{"x":0.18264664709568025,"y":-0.03857918083667755,"z":0.007047682069242001,"w":0.9824510812759399},"size":3424.07763671875,"orthographic":false}