{"cameraMode":{"drawMode":0,"name":"Shaded","section":"Shading Mode"},"sceneLighting":true,"audioPlay":false,"sceneViewState":{"m_AlwaysRefresh":false,"showFog":true,"showSkybox":true,"showFlares":true,"showImageEffects":true,"showParticleSystems":true,"showVisualEffectGraphs":true,"m_FxEnabled":true},"in2DMode":false,"pivot":{"x":28.25988006591797,"y":-21.452043533325197,"z":-43.924503326416019},"rotation":{"x":-0.04650383070111275,"y":0.9003761410713196,"z":-0.09871339052915573,"w":-0.42183545231819155},"size":92.17884063720703,"orthographic":false}